user_id,username,age,membership_level,created_at
1,enewman,33,Casual,2024-03-25
2,oliverdaniel,28,Casual,2025-01-20
3,pmartinez,35,Casual,2024-11-20
4,joseph98,42,Casual,2024-11-08
5,xstrong,28,Casual,2024-03-07
6,judy09,28,Casual,2024-07-18
7,yrobinson,42,Subscriber,2024-08-03
8,qwatson,36,Casual,2024-09-30
9,justinmejia,26,Casual,2024-02-12
10,mendozadavid,34,Casual,2024-04-05
11,mkim,26,Subscriber,2025-01-04
12,fernandezcarolyn,26,Casual,2024-04-27
13,darrell05,31,Casual,2024-05-23
14,jennifer31,18,Subscriber,2024-01-28
15,ramosnicholas,18,Casual,2024-01-24
16,tconner,25,Casual,2025-01-15
17,fergusonbrittany,21,Subscriber,2025-01-08
18,randy21,32,Casual,2024-10-08
19,nancymiller,22,Casual,2024-09-29
20,sarah60,18,Casual,2024-06-12
21,brownjohn,41,Casual,2024-02-04
22,nicolemiller,28,Casual,2024-04-01
23,kkrause,30,Subscriber,2024-08-16
24,jennifer78,18,Casual,2024-07-05
25,richardking,25,Casual,2024-07-19
26,hillsean,30,Casual,2024-07-27
27,davidsmith,20,Casual,2024-04-23
28,rebecca37,33,Casual,2024-07-09
29,jimenezjohn,25,Subscriber,2024-03-23
30,nrichard,27,Casual,2024-05-10
31,vanessamitchell,25,Casual,2024-06-16
32,wlittle,44,Casual,2024-09-10
33,russell16,29,Casual,2024-05-17
34,nsutton,21,Casual,2024-06-15
35,laurengonzalez,36,Casual,2024-10-07
36,rescobar,20,Subscriber,2024-05-13
37,vincentdarlene,31,Casual,2024-04-19
38,anthonyross,18,Casual,2024-08-29
39,pbrown,19,Subscriber,2024-03-13
40,oconnormichael,31,Casual,2025-01-08
41,christopherperry,35,Casual,2024-07-29
42,matthewsmith,31,Casual,2025-01-01
43,michaelgray,29,Casual,2024-03-08
44,christophershepherd,27,Subscriber,2025-01-07
45,obrienmichael,18,Casual,2024-06-02
46,watsonnicholas,24,Casual,2024-08-15
47,thorntonjames,26,Casual,2024-07-30
48,michelle83,38,Casual,2024-11-01
49,crystalrichard,32,Subscriber,2024-05-22
50,cmartin,18,Subscriber,2024-10-05
51,joseph50,32,Casual,2024-10-05
52,owilkins,26,Casual,2024-12-17
53,hodgestephen,24,Subscriber,2024-12-18
54,jasonwatson,34,Casual,2024-05-20
55,vchavez,38,Subscriber,2024-04-21
56,cynthia42,37,Casual,2024-10-15
57,steven79,23,Casual,2024-09-30
58,sking,27,Casual,2024-05-24
59,wendycurtis,32,Casual,2024-12-19
60,psanchez,37,Subscriber,2024-04-01
61,tamara75,26,Casual,2024-10-05
62,stacy17,28,Subscriber,2024-10-05
63,robinsonwilliam,21,Casual,2024-07-22
64,anthony89,20,Casual,2024-06-23
65,brewerthomas,36,Casual,2024-02-04
66,alvaradothomas,40,Subscriber,2024-11-11
67,cooperelizabeth,29,Casual,2024-10-14
68,herreraholly,38,Casual,2024-02-21
69,jonathanfuller,32,Casual,2024-01-28
70,qsoto,24,Casual,2024-12-11
71,matthew34,32,Casual,2024-11-10
72,sandovalkristen,42,Casual,2024-08-01
73,christina38,29,Casual,2024-09-14
74,latoya99,42,Casual,2024-03-26
75,brandonknight,18,Casual,2024-11-01
76,andrea11,36,Subscriber,2024-08-08
77,elizabethkline,30,Subscriber,2024-06-03
78,ihamilton,27,Casual,2024-10-05
79,cummingsduane,30,Casual,2025-01-13
80,michaelcombs,18,Casual,2024-05-14
81,sarah49,28,Subscriber,2024-12-10
82,nicholas86,32,Casual,2024-04-13
83,nelsonjoe,41,Subscriber,2024-03-11
84,mcphersoncarolyn,25,Casual,2024-12-15
85,adrianmadden,23,Casual,2024-05-20
86,timothyknight,25,Casual,2024-05-22
87,vhood,37,Subscriber,2024-02-29
88,teresacompton,32,Subscriber,2024-12-30
89,trevorhuber,25,Casual,2024-03-31
90,joel58,34,Casual,2024-06-11
91,phillipgeorge,30,Casual,2024-12-27
92,adamsalinas,37,Casual,2024-05-23
93,lauren31,24,Casual,2024-12-11
94,alexandra99,27,Casual,2024-04-10
95,kathrynmonroe,26,Subscriber,2024-11-26
96,jacqueline93,18,Casual,2024-07-12
97,eddiehernandez,32,Casual,2025-01-08
98,madisoncollins,32,Subscriber,2024-12-13
99,phillipsrobin,30,Casual,2025-01-13
100,nbrown,28,Casual,2024-05-14
101,amberjordan,18,Casual,2024-12-06
102,vlynch,26,Casual,2024-03-26
103,johnathanjarvis,27,Casual,2024-11-11
104,brettthompson,23,Casual,2024-09-28
105,marc78,28,Casual,2024-02-18
106,raymond20,33,Casual,2024-01-31
107,amyhoover,45,Subscriber,2024-08-14
108,erose,31,Subscriber,2024-08-04
109,emilylee,32,Casual,2024-07-16
110,ljones,29,Subscriber,2024-06-05
111,jsmith,18,Casual,2024-04-17
112,barrysteven,29,Casual,2025-01-09
113,sstone,30,Casual,2024-05-21
114,phillip14,49,Casual,2024-06-25
115,jasonchavez,28,Casual,2024-09-29
116,nicholasmartinez,32,Casual,2024-09-12
117,harrisrebecca,29,Casual,2024-12-17
118,dmatthews,20,Casual,2024-07-27
119,garciajacqueline,39,Casual,2024-07-02
120,victor36,36,Subscriber,2024-04-07
121,johnsgregory,36,Casual,2025-01-19
122,ryoung,22,Casual,2024-11-20
123,williamsbrandi,41,Subscriber,2024-07-01
124,abigail93,18,Casual,2024-09-30
125,smithkathy,34,Casual,2024-11-06
126,isaac03,47,Casual,2024-05-22
127,wbrown,22,Casual,2024-10-17
128,onealashley,25,Casual,2024-12-17
129,zsanford,30,Subscriber,2024-09-14
130,timothy87,25,Casual,2024-11-26
131,mwong,18,Casual,2024-09-27
132,robert50,30,Casual,2024-03-25
133,hickmanjonathan,21,Subscriber,2024-07-10
134,rgibson,33,Casual,2024-04-28
135,bjacobson,22,Casual,2024-12-14
136,michaelblake,42,Subscriber,2024-04-21
137,icoleman,23,Casual,2024-05-14
138,jsteele,27,Subscriber,2024-11-13
139,janetsanford,36,Subscriber,2024-02-23
140,ronald64,20,Casual,2024-03-14
141,alicia98,31,Casual,2024-08-15
142,tracy65,40,Subscriber,2024-12-25
143,stephanie89,18,Subscriber,2024-09-28
144,cwade,31,Subscriber,2024-09-26
145,pagematthew,32,Casual,2024-01-25
146,wsanchez,36,Casual,2024-07-18
147,mcintoshcurtis,20,Subscriber,2024-03-04
148,christine16,19,Subscriber,2024-06-09
149,simpsonjessica,34,Casual,2024-02-21
150,castroelizabeth,32,Subscriber,2024-11-11
151,darlenepark,32,Casual,2024-10-02
152,juan20,32,Casual,2024-07-03
153,christinebaxter,24,Casual,2024-06-16
154,hamptoncasey,31,Casual,2024-06-04
155,smithmichael,32,Casual,2024-11-21
156,wrightcolin,24,Casual,2024-06-17
157,glenquinn,44,Subscriber,2024-09-19
158,amyhardy,33,Subscriber,2024-11-01
159,haydenteresa,20,Subscriber,2024-03-07
160,amy47,35,Casual,2024-05-20
161,david49,22,Casual,2024-05-20
162,shanebrown,36,Casual,2024-06-01
163,ohunt,39,Casual,2024-06-30
164,xrodriguez,23,Casual,2024-03-23
165,kimberly61,37,Subscriber,2024-09-23
166,caitlynhill,33,Casual,2024-03-09
167,eric29,36,Casual,2024-04-14
168,hutchinsonrobert,45,Subscriber,2024-12-03
169,jacob43,28,Casual,2024-04-28
170,lewiscarolyn,23,Casual,2024-06-16
171,guyrojas,22,Subscriber,2024-09-04
172,jodibest,23,Casual,2024-11-26
173,amberdennis,29,Subscriber,2024-03-08
174,sphelps,32,Casual,2025-01-16
175,michaelmurphy,32,Casual,2024-09-22
176,kelseybolton,36,Casual,2024-03-13
177,jamesrobert,30,Subscriber,2024-03-22
178,gutierrezjeremy,41,Casual,2025-01-04
179,mhoward,27,Casual,2024-06-24
180,davidsonjuan,51,Subscriber,2024-02-26
181,stacy39,35,Casual,2024-08-23
182,juandowns,23,Subscriber,2024-10-24
183,yphillips,21,Casual,2024-08-20
184,montgomeryeric,33,Casual,2024-10-19
185,thomasstephanie,28,Casual,2024-02-17
186,jasmin55,35,Casual,2024-10-20
187,staceyjohnson,33,Subscriber,2024-07-30
188,gnorton,29,Subscriber,2024-08-06
189,andrea30,23,Subscriber,2024-04-15
190,croberts,18,Casual,2024-04-27
191,medinaraymond,26,Casual,2024-04-27
192,mhunt,36,Subscriber,2024-05-17
193,kyle09,31,Casual,2024-08-17
194,kimberlylloyd,20,Casual,2024-09-15
195,steven41,31,Casual,2024-02-17
196,fostermark,33,Subscriber,2024-06-21
197,dawnwilson,22,Casual,2024-08-25
198,smatthews,31,Casual,2024-12-15
199,isnyder,30,Subscriber,2025-01-20
200,thomas59,20,Casual,2024-04-29
201,jpark,32,Subscriber,2024-03-17
202,hsoto,34,Subscriber,2024-05-01
203,jennifer63,38,Casual,2024-11-27
204,jeffrey71,38,Casual,2024-08-14
205,donnaflynn,18,Subscriber,2024-10-29
206,johnkim,22,Casual,2024-06-06
207,fjackson,34,Subscriber,2024-04-25
208,carrmichelle,34,Casual,2024-02-23
209,cynthia12,34,Subscriber,2024-10-22
210,davidgarcia,60,Casual,2024-11-26
211,paul59,34,Subscriber,2024-03-31
212,josephwalsh,39,Casual,2024-04-24
213,rlee,37,Subscriber,2024-06-24
214,woodsandrea,35,Subscriber,2024-10-25
215,angeladeleon,27,Subscriber,2024-12-16
216,kingbrittany,36,Subscriber,2024-09-17
217,joejoseph,23,Casual,2024-03-13
218,edwardhowell,28,Subscriber,2025-01-08
219,emmasaunders,26,Subscriber,2024-11-29
220,bradshawnicholas,30,Casual,2024-04-01
221,joseph94,48,Subscriber,2024-10-17
222,qschmitt,18,Subscriber,2024-07-08
223,rjames,35,Casual,2024-11-30
224,vcampbell,18,Casual,2024-11-02
225,sharon41,26,Subscriber,2024-09-12
226,vwolfe,38,Subscriber,2024-09-27
227,mdunn,30,Casual,2024-04-18
228,david95,21,Casual,2024-12-21
229,crystal98,24,Subscriber,2024-12-28
230,yrobertson,35,Casual,2024-03-06
231,mezatammy,24,Casual,2024-10-22
232,lynn66,31,Casual,2024-02-10
233,zjohnson,30,Casual,2024-08-26
234,gonzalezalbert,24,Casual,2024-01-31
235,timothycurtis,47,Subscriber,2024-12-24
236,haleyhood,35,Casual,2024-07-24
237,robert76,18,Casual,2024-08-21
238,littleanna,31,Casual,2024-05-15
239,ehill,24,Casual,2024-07-18
240,gdavis,36,Casual,2024-02-14
241,millermonica,23,Casual,2024-09-05
242,brandonbailey,29,Casual,2024-10-08
243,zmcintyre,34,Casual,2024-08-16
244,timothy23,36,Casual,2024-02-14
245,christophermoran,20,Subscriber,2024-09-21
246,justinwoods,27,Casual,2024-02-29
247,karencrane,26,Casual,2024-04-04
248,jamie05,24,Casual,2024-11-13
249,liukevin,44,Casual,2024-10-27
250,dsloan,33,Casual,2024-07-18
251,derekhernandez,19,Casual,2024-07-31
252,willisantonio,37,Casual,2025-01-07
253,smithbryan,46,Casual,2024-05-03
254,aprilhurley,38,Casual,2024-08-29
255,schneiderlindsay,18,Casual,2024-03-30
256,ynolan,26,Casual,2024-11-24
257,ruthmcneil,40,Casual,2024-08-19
258,jroberson,24,Casual,2024-04-22
259,harrisonjohn,33,Casual,2024-12-22
260,lsimpson,36,Casual,2024-02-25
261,miranda32,22,Casual,2024-10-10
262,garyroberts,29,Casual,2024-08-04
263,rossstephen,18,Casual,2024-08-18
264,patrickschultz,21,Casual,2024-07-14
265,pgarcia,27,Casual,2024-02-04
266,smitherica,20,Casual,2024-08-10
267,smithsue,43,Casual,2024-12-10
268,collierchristopher,18,Casual,2024-12-26
269,ghahn,26,Casual,2024-05-30
270,zhunt,31,Casual,2024-08-20
271,howardjohn,41,Subscriber,2024-09-14
272,abbottdavid,18,Casual,2024-02-14
273,marisa86,39,Subscriber,2024-02-01
274,tracie89,30,Subscriber,2024-05-27
275,jcarter,22,Subscriber,2024-05-24
276,monica63,33,Subscriber,2024-05-02
277,maryshort,31,Subscriber,2024-01-28
278,alanlloyd,25,Casual,2025-01-17
279,wendygarcia,30,Subscriber,2024-02-01
280,staceydavis,26,Casual,2024-04-01
281,jacksullivan,30,Casual,2024-12-09
282,george40,35,Casual,2024-10-27
283,hallwilliam,42,Casual,2024-11-07
284,hporter,20,Casual,2024-04-28
285,markleonard,47,Casual,2025-01-04
286,csanchez,18,Casual,2024-08-16
287,emartinez,28,Casual,2025-01-04
288,ngarcia,34,Casual,2024-05-05
289,shawnoneal,32,Casual,2024-10-13
290,bryan70,25,Casual,2024-01-26
291,zacharyjohnson,28,Casual,2024-04-03
292,kristina98,26,Casual,2024-04-01
293,catherine00,25,Casual,2024-06-22
294,mark19,36,Casual,2024-01-31
295,wrightjerome,32,Subscriber,2025-01-13
296,jfields,24,Subscriber,2024-10-27
297,jesusfox,37,Casual,2024-12-15
298,larsenrobert,32,Casual,2024-11-10
299,ashleyjones,36,Casual,2024-03-13
300,carlosbender,35,Casual,2024-08-09
301,sharonrodriguez,23,Casual,2024-07-30
302,ocooke,25,Casual,2024-04-03
303,matthewclark,35,Casual,2024-12-05
304,timothy01,34,Casual,2024-05-30
305,charlestorres,29,Subscriber,2024-12-07
306,lunadebbie,30,Casual,2024-12-03
307,edwardspamela,40,Subscriber,2024-06-19
308,agilbert,25,Subscriber,2024-08-22
309,driley,34,Casual,2024-06-29
310,terrynathan,28,Casual,2024-09-03
311,wandaday,28,Casual,2024-08-17
312,victoriastewart,38,Casual,2024-12-28
313,rodriguezelizabeth,36,Subscriber,2024-04-28
314,anthony76,36,Subscriber,2024-08-07
315,qaguirre,40,Casual,2024-10-26
316,wattsamanda,30,Subscriber,2024-11-18
317,smithjulia,35,Subscriber,2024-12-17
318,taylorcooper,27,Subscriber,2024-02-13
319,wilsonfrank,32,Casual,2024-02-11
320,tonyagarza,28,Casual,2024-12-02
321,karenbecker,30,Casual,2025-01-04
322,whiteronald,34,Casual,2024-02-21
323,rburton,23,Casual,2024-06-15
324,taylor22,46,Casual,2024-04-19
325,hugheschelsea,21,Casual,2025-01-20
326,maryrobinson,20,Casual,2024-05-12
327,eric27,39,Subscriber,2024-03-22
328,andreabauer,36,Subscriber,2024-03-10
329,saravega,34,Subscriber,2024-09-04
330,connie32,35,Casual,2024-06-27
331,brewerryan,29,Casual,2024-05-16
332,murphyamy,22,Casual,2024-10-17
333,ricardofischer,30,Casual,2024-10-10
334,ojohnson,24,Casual,2024-10-04
335,kristy37,37,Casual,2024-02-26
336,rileymarc,28,Subscriber,2024-12-28
337,yfowler,23,Casual,2024-10-15
338,yrodriguez,27,Subscriber,2024-07-21
339,yharper,33,Casual,2024-05-05
340,lisa09,25,Subscriber,2024-06-02
341,robert69,23,Casual,2024-06-13
342,kwest,31,Casual,2024-08-01
343,brightcindy,31,Subscriber,2024-05-06
344,samuelgraham,25,Casual,2024-02-22
345,amythomas,26,Casual,2024-09-16
346,dustin22,31,Casual,2025-01-15
347,moorelynn,18,Casual,2024-12-16
348,regina38,18,Subscriber,2024-12-14
349,parsonsjohn,24,Casual,2024-11-23
350,knoxchristopher,28,Subscriber,2024-02-10
351,pamelalozano,32,Casual,2024-07-19
352,andreburnett,41,Casual,2024-05-06
353,heather94,36,Casual,2024-02-29
354,crystalgriffin,28,Casual,2024-08-22
355,qgray,29,Casual,2024-02-20
356,egamble,21,Casual,2024-07-17
357,pwoodward,29,Casual,2024-02-25
358,matthew98,27,Casual,2024-10-18
359,qruiz,32,Casual,2024-04-14
360,jay38,23,Casual,2024-07-23
361,travis82,34,Subscriber,2024-05-20
362,hstephenson,42,Casual,2024-08-15
363,isaac57,29,Casual,2024-11-10
364,travisharris,33,Casual,2024-11-26
365,kevinrose,35,Subscriber,2024-03-22
366,leerandy,26,Subscriber,2024-06-06
367,jimenezdebbie,31,Casual,2024-08-02
368,rowetammy,30,Subscriber,2024-04-20
369,staceyscott,30,Casual,2024-07-27
370,geraldscott,23,Casual,2024-03-22
371,wheelergeorge,30,Casual,2024-06-27
372,christopher13,33,Casual,2025-01-11
373,rhonda33,41,Casual,2024-12-01
374,michael60,37,Subscriber,2024-07-28
375,cscott,47,Casual,2025-01-07
376,laura18,23,Casual,2024-12-14
377,deanrandy,36,Casual,2025-01-03
378,travisduncan,31,Casual,2024-09-25
379,sanchezkyle,47,Subscriber,2024-08-15
380,steven24,23,Subscriber,2024-03-25
381,tiffanyharrell,23,Casual,2024-06-05
382,cjenkins,25,Subscriber,2024-08-28
383,fmiller,18,Casual,2024-01-22
384,draymond,25,Casual,2024-06-27
385,ysmith,23,Casual,2024-06-13
386,xjuarez,31,Casual,2024-09-04
387,davidhernandez,32,Subscriber,2025-01-01
388,brandonhughes,45,Casual,2024-04-27
389,susan37,37,Casual,2024-10-31
390,ncameron,25,Casual,2024-06-25
391,johnny17,22,Subscriber,2024-08-02
392,jonescynthia,33,Casual,2024-04-05
393,scott78,19,Casual,2024-09-04
394,rdawson,44,Casual,2024-03-14
395,julie81,39,Casual,2024-07-13
396,james50,26,Casual,2024-06-19
397,benjamin65,18,Casual,2024-10-28
398,amy51,40,Subscriber,2024-09-29
399,dwagner,29,Casual,2024-12-06
400,vfaulkner,39,Subscriber,2024-07-28
401,lconner,18,Casual,2024-04-04
402,elizabeth93,25,Subscriber,2024-10-16
403,pmalone,30,Casual,2024-09-27
404,jyang,30,Casual,2024-09-11
405,ugarcia,26,Casual,2024-11-27
406,bwoods,34,Casual,2024-08-11
407,jzavala,21,Casual,2024-06-19
408,kaitlin82,28,Casual,2024-09-27
409,kristendavenport,30,Casual,2024-05-31
410,april18,34,Casual,2024-05-25
411,diane16,35,Casual,2024-02-19
412,ashlee77,21,Casual,2024-06-23
413,carly78,18,Casual,2024-12-02
414,blankenshiptina,40,Subscriber,2024-05-04
415,amanda63,32,Casual,2024-04-16
416,elizabethacevedo,24,Subscriber,2024-06-07
417,wileyallison,42,Subscriber,2024-12-11
418,karen39,30,Casual,2024-02-29
419,vhudson,39,Casual,2024-11-07
420,gabriella93,30,Casual,2024-07-06
421,amandaspence,46,Subscriber,2024-07-21
422,latkinson,44,Casual,2025-01-10
423,nicholas55,28,Casual,2024-02-06
424,ecunningham,37,Casual,2024-06-26
425,ljohnson,35,Casual,2024-12-13
426,vanessalopez,40,Casual,2024-08-19
427,joshua82,22,Casual,2024-09-01
428,kday,35,Casual,2024-04-21
429,vincent91,38,Casual,2024-04-28
430,staceyhenry,18,Casual,2024-05-29
431,smithsara,20,Subscriber,2024-06-26
432,jessica81,18,Casual,2024-03-07
433,lauren95,27,Casual,2024-02-06
434,daltonroth,35,Casual,2024-07-01
435,lewisgeorge,42,Casual,2024-10-16
436,kimryan,30,Casual,2024-02-03
437,jennifer97,43,Casual,2024-11-15
438,ktorres,18,Casual,2024-07-06
439,mitchellshepherd,18,Subscriber,2024-09-08
440,ugregory,29,Subscriber,2024-06-03
441,john18,33,Subscriber,2024-05-22
442,walkerderrick,29,Casual,2024-10-14
443,scastaneda,18,Subscriber,2024-10-29
444,anthonycortez,29,Casual,2024-04-23
445,julie13,19,Casual,2024-07-03
446,scottdanielle,35,Subscriber,2024-10-28
447,brian21,32,Subscriber,2024-08-29
448,sknapp,22,Casual,2024-11-16
449,donald21,25,Casual,2024-12-15
450,jaredosborn,21,Casual,2024-12-21
451,bsanders,29,Casual,2024-06-24
452,ljacobson,37,Casual,2024-09-24
453,tholt,22,Subscriber,2024-05-22
454,jonesmeagan,34,Subscriber,2024-07-20
455,gabriel18,25,Casual,2024-04-11
456,gonzalezvalerie,23,Subscriber,2024-04-28
457,andrea32,29,Subscriber,2024-11-17
458,bryancosta,21,Subscriber,2024-05-31
459,kayla48,25,Subscriber,2024-04-02
460,mferguson,20,Casual,2025-01-11
461,williamsonjoel,45,Casual,2024-09-04
462,tbrown,30,Casual,2024-12-31
463,woodjohn,24,Casual,2024-11-20
464,woodjoshua,31,Casual,2024-11-09
465,tuckerkimberly,29,Casual,2024-11-25
466,robinbaldwin,28,Casual,2024-07-04
467,robin80,34,Casual,2024-06-26
468,matthew78,36,Casual,2024-02-16
469,adrianreed,25,Casual,2024-01-22
470,crystalconley,25,Casual,2024-11-20
471,spencekathleen,27,Casual,2024-08-08
472,nancy27,18,Casual,2024-12-30
473,gordonanthony,18,Casual,2024-06-04
474,caseytim,40,Casual,2024-08-12
475,williampatterson,43,Casual,2024-03-09
476,davisscott,28,Subscriber,2024-10-02
477,yespinoza,34,Casual,2024-11-13
478,marcus08,32,Subscriber,2024-10-23
479,andreahughes,54,Casual,2024-05-23
480,robersonrobert,38,Casual,2024-01-24
481,fergusonelizabeth,28,Casual,2024-11-03
482,derekmartin,22,Casual,2024-10-21
483,danielanderson,18,Casual,2024-08-04
484,nicole93,31,Casual,2024-10-25
485,bobbyandrews,23,Casual,2024-05-27
486,mcculloughkristy,18,Subscriber,2024-09-05
487,erinrogers,24,Casual,2024-09-20
488,ashleyzuniga,21,Casual,2024-11-14
489,thomasjames,43,Casual,2025-01-18
490,smora,37,Subscriber,2024-02-06
491,barreracarl,29,Casual,2024-10-06
492,katherinesingh,41,Casual,2024-08-12
493,adriennetorres,30,Subscriber,2024-09-12
494,xdavis,23,Subscriber,2025-01-09
495,julie77,42,Casual,2024-10-03
496,lauren65,34,Subscriber,2024-06-11
497,michaelpeters,21,Subscriber,2025-01-01
498,tuckeraustin,28,Subscriber,2024-02-29
499,zlucas,22,Casual,2024-03-14
500,david53,18,Subscriber,2024-05-21
501,christinathomas,37,Casual,2024-06-04
502,benjaminburns,45,Subscriber,2024-07-30
503,rlee,18,Subscriber,2024-08-02
504,steven71,34,Casual,2024-10-27
505,millerlori,24,Subscriber,2025-01-06
506,heatherdoyle,26,Casual,2024-07-07
507,stevendavenport,25,Subscriber,2024-05-11
508,frances16,23,Subscriber,2024-10-08
509,janet45,30,Subscriber,2024-07-28
510,xjohnston,23,Casual,2024-02-01
511,carolyn66,32,Casual,2024-04-28
512,ddean,29,Casual,2024-12-20
513,markluna,28,Casual,2024-10-05
514,zbarr,22,Subscriber,2025-01-19
515,michaelrobles,25,Casual,2024-11-05
516,melinda38,36,Casual,2024-04-29
517,conleyjohn,34,Casual,2024-09-05
518,fadams,22,Casual,2024-09-24
519,cgonzalez,30,Casual,2024-11-25
520,denise68,36,Casual,2024-02-12
521,lfletcher,18,Casual,2024-10-18
522,jamesbaker,34,Casual,2024-03-23
523,kingzachary,24,Casual,2024-11-04
524,larrysanchez,34,Casual,2024-10-20
525,roachpatrick,23,Casual,2024-05-11
526,shannon04,18,Casual,2024-07-19
527,laurenhill,18,Subscriber,2024-08-13
528,barrycox,30,Subscriber,2024-08-21
529,sandra46,32,Subscriber,2024-12-27
530,lawsonjames,22,Casual,2024-11-08
531,austin75,35,Casual,2025-01-17
532,spencerjoseph,18,Casual,2024-07-19
533,forbessara,29,Casual,2024-06-23
534,carrollkimberly,20,Subscriber,2024-06-25
535,veronica92,24,Casual,2024-12-25
536,christopher90,30,Casual,2024-07-18
537,qmason,23,Casual,2024-02-16
538,kimberlyjuarez,26,Casual,2024-10-23
539,wongstephen,38,Casual,2024-03-24
540,cooperrachel,25,Casual,2024-10-14
541,leslie82,36,Casual,2024-08-18
542,jennifer98,20,Casual,2024-11-27
543,judy03,34,Casual,2024-02-24
544,martinezjoel,41,Casual,2024-05-28
545,jennifer62,18,Casual,2024-11-26
546,lindsey21,23,Casual,2024-10-26
547,hilltammy,34,Casual,2024-05-11
548,taylorashley,28,Subscriber,2024-08-13
549,micheal48,32,Casual,2024-09-26
550,pweaver,25,Casual,2024-02-02
551,miguelsmith,30,Subscriber,2024-11-14
552,igomez,28,Casual,2024-07-18
553,gibbsscott,39,Subscriber,2024-04-12
554,rachel61,32,Casual,2024-03-21
555,brendajohnson,32,Casual,2025-01-02
556,christinadelgado,26,Subscriber,2024-12-04
557,johnsonnathan,26,Casual,2024-06-24
558,qrussell,26,Casual,2025-01-20
559,abaker,33,Casual,2024-06-29
560,danielle56,26,Casual,2024-09-30
561,richbrian,32,Subscriber,2024-08-14
562,monicawilliams,46,Casual,2024-03-20
563,sara53,36,Casual,2024-06-04
564,francisdonovan,27,Subscriber,2025-01-02
565,lowerymaria,39,Casual,2024-01-30
566,nicholsbrenda,26,Subscriber,2024-01-26
567,gary22,18,Casual,2024-02-10
568,lisabaker,21,Subscriber,2024-02-03
569,zthomas,18,Subscriber,2024-03-22
570,herreraerika,27,Casual,2024-03-01
571,smithmatthew,30,Casual,2024-12-30
572,kaufmanerika,43,Casual,2024-12-18
573,wilsontroy,32,Casual,2024-06-04
574,allisonrose,28,Casual,2024-02-15
575,david32,36,Casual,2024-06-12
576,william37,18,Casual,2024-10-25
577,gary24,31,Casual,2024-08-23
578,hunterapril,36,Casual,2024-05-30
579,kjacobson,18,Casual,2024-08-22
580,wesley08,39,Casual,2024-02-19
581,johnsonsteven,32,Subscriber,2024-07-17
582,zcarter,26,Casual,2024-05-21
583,lisawelch,35,Casual,2024-06-07
584,grant43,48,Casual,2024-05-17
585,brian28,31,Subscriber,2024-12-15
586,fowlermichelle,31,Casual,2025-01-20
587,butlercarrie,26,Subscriber,2024-06-24
588,kingscott,23,Casual,2025-01-05
589,lambjennifer,36,Casual,2024-07-12
590,miguel95,23,Subscriber,2024-04-27
591,sarahgarcia,30,Subscriber,2024-08-03
592,carrjean,26,Casual,2024-10-31
593,jennifer87,33,Casual,2024-08-27
594,devonalvarado,32,Subscriber,2024-08-22
595,masonkaren,38,Casual,2024-09-23
596,raypatrick,25,Subscriber,2025-01-11
597,butlercaroline,27,Casual,2024-08-30
598,davidking,22,Casual,2024-03-23
599,brockmary,26,Subscriber,2024-05-21
600,zthompson,33,Casual,2024-06-16
601,melinda76,36,Casual,2024-02-12
602,ipalmer,22,Subscriber,2024-10-14
603,brittany03,36,Subscriber,2024-04-10
604,bowmanjodi,40,Subscriber,2024-04-15
605,brooksmegan,33,Subscriber,2024-09-22
606,monicaphillips,45,Subscriber,2024-05-05
607,wcarter,23,Casual,2024-07-21
608,michael59,20,Casual,2024-01-23
609,mcculloughandrew,18,Subscriber,2024-10-21
610,njimenez,41,Casual,2024-12-19
611,xanderson,35,Casual,2024-03-29
612,thomasjessica,29,Subscriber,2024-05-29
613,hschroeder,32,Casual,2024-08-31
614,austin67,20,Casual,2024-05-07
615,kimberlygregory,49,Casual,2024-09-16
616,johnsonronald,31,Subscriber,2024-04-27
617,sstewart,30,Casual,2025-01-19
618,mariastewart,35,Subscriber,2024-09-04
619,michael57,33,Casual,2024-11-18
620,joshua73,31,Subscriber,2024-11-14
621,campbellcharles,23,Casual,2024-10-01
622,andrea73,33,Casual,2024-07-22
623,leejeffrey,45,Casual,2024-05-07
624,riveracourtney,40,Casual,2024-12-01
625,kimnelson,42,Casual,2024-11-29
626,snyderkendra,25,Casual,2024-09-06
627,phillipsjeffrey,22,Casual,2024-12-12
628,lopezdiana,28,Casual,2024-11-15
629,kanecharles,30,Casual,2024-12-24
630,pwells,38,Subscriber,2024-04-06
631,lukewelch,18,Subscriber,2024-05-02
632,jesseshah,42,Subscriber,2024-09-09
633,deborah99,28,Casual,2024-08-05
634,scott09,26,Subscriber,2024-09-06
635,nathanlong,21,Subscriber,2024-03-30
636,millerchristina,18,Casual,2024-08-20
637,raymond77,36,Casual,2024-11-10
638,thomasgutierrez,30,Casual,2024-07-18
639,christina53,19,Casual,2024-02-07
640,danamason,19,Casual,2024-08-27
641,calvinroy,27,Subscriber,2024-06-06
642,whiteheadkim,43,Casual,2024-12-16
643,kellydaniels,27,Subscriber,2024-06-11
644,owalker,18,Casual,2024-06-10
645,turnergary,28,Casual,2025-01-11
646,ealexander,27,Casual,2024-06-30
647,johncharles,18,Casual,2024-10-17
648,haleyschneider,29,Casual,2025-01-16
649,aguilardonald,28,Casual,2024-04-03
650,johnsoncarl,35,Casual,2025-01-17
651,adam30,44,Subscriber,2024-02-25
652,ronaldbrown,39,Casual,2024-02-08
653,richard11,27,Subscriber,2024-02-24
654,rothdawn,21,Casual,2024-04-25
655,priceangela,50,Casual,2024-03-16
656,qburns,30,Casual,2025-01-13
657,ismith,30,Subscriber,2024-03-29
658,ywilliams,29,Casual,2024-11-01
659,heathermaldonado,31,Casual,2024-02-09
660,mark54,28,Casual,2024-09-06
661,catherinewiggins,25,Casual,2024-11-15
662,gillespiebradley,25,Subscriber,2024-04-02
663,randolphchristopher,29,Subscriber,2024-07-07
664,oevans,25,Casual,2024-11-22
665,perezsara,24,Casual,2024-02-17
666,cynthiamartinez,30,Casual,2024-06-07
667,utanner,27,Casual,2024-08-21
668,kevinchavez,42,Casual,2024-10-21
669,zfuentes,18,Casual,2024-04-22
670,samanthaboone,38,Casual,2024-02-26
671,rking,39,Casual,2024-09-25
672,kelleyjennifer,18,Casual,2024-04-20
673,katherinelopez,27,Casual,2024-05-14
674,wramos,27,Casual,2024-02-13
675,powellkristin,18,Casual,2024-08-29
676,ian49,23,Casual,2024-04-19
677,jeanettethomas,21,Casual,2024-02-19
678,brendayates,44,Casual,2024-11-04
679,moralesdaniel,37,Casual,2024-05-25
680,mario32,40,Casual,2024-05-06
681,burtonkatie,35,Subscriber,2024-02-14
682,vwolfe,20,Casual,2024-11-28
683,andrewprice,25,Casual,2025-01-07
684,nbullock,33,Casual,2024-01-29
685,huntermark,20,Casual,2024-08-20
686,tim59,35,Casual,2024-09-23
687,scrosby,28,Casual,2025-01-05
688,millermegan,27,Subscriber,2024-08-13
689,gary14,35,Subscriber,2024-05-30
690,morganscott,33,Casual,2024-11-11
691,dturner,27,Casual,2024-07-12
692,jacksonvanessa,39,Casual,2024-03-25
693,uandrews,21,Casual,2024-06-28
694,jacqueline87,34,Casual,2024-02-05
695,megantucker,34,Casual,2024-02-21
696,mary35,27,Casual,2024-06-01
697,zleonard,32,Casual,2024-08-19
698,lisa76,19,Subscriber,2024-08-05
699,nmartinez,37,Casual,2024-04-24
700,elizabethwood,28,Casual,2025-01-18
701,danielkeith,25,Subscriber,2024-02-04
702,joshuawilliams,38,Casual,2024-03-18
703,lindseyjones,24,Casual,2024-05-01
704,nmills,18,Casual,2024-09-19
705,marygibson,18,Subscriber,2024-03-30
706,aarongraham,34,Subscriber,2024-10-17
707,gordonann,19,Casual,2024-09-04
708,morrischase,44,Casual,2024-02-19
709,brittany66,18,Casual,2024-11-07
710,batesshannon,43,Casual,2024-09-07
711,hannah63,31,Casual,2024-01-24
712,sean87,29,Subscriber,2024-06-07
713,john91,25,Casual,2025-01-06
714,lritter,33,Subscriber,2024-01-26
715,bryanttroy,29,Casual,2024-07-31
716,ofreeman,38,Casual,2024-02-23
717,edward00,30,Casual,2024-05-02
718,cameron37,31,Casual,2024-10-28
719,omclaughlin,27,Casual,2024-09-16
720,dylanwilliams,29,Casual,2025-01-09
721,lisajenkins,32,Subscriber,2024-05-22
722,roblesjohn,18,Casual,2024-06-02
723,joshuahudson,19,Casual,2024-12-12
724,srollins,35,Subscriber,2024-03-28
725,jacobsdiana,31,Casual,2024-07-19
726,stephanie33,28,Subscriber,2024-02-11
727,johnsonlisa,30,Casual,2024-05-25
728,christywashington,32,Casual,2024-09-15
729,vschwartz,25,Subscriber,2024-09-07
730,joshua79,23,Subscriber,2024-09-18
731,ashley08,31,Casual,2024-12-18
732,xsmith,22,Casual,2024-12-21
733,waynehines,33,Casual,2024-07-03
734,ashleyross,18,Subscriber,2025-01-15
735,maryroberts,38,Casual,2024-01-28
736,deborah44,33,Subscriber,2024-11-19
737,caleb30,32,Casual,2024-03-15
738,paula95,37,Subscriber,2024-03-04
739,lwhite,43,Casual,2024-01-23
740,leslie82,38,Casual,2024-10-10
741,pleonard,18,Subscriber,2024-08-22
742,qhaley,19,Subscriber,2024-11-01
743,margaret49,25,Casual,2024-09-20
744,brichmond,30,Casual,2024-11-20
745,thomas41,34,Casual,2024-08-26
746,smay,24,Subscriber,2024-02-12
747,stevensdavid,31,Casual,2025-01-17
748,herreramichael,23,Casual,2024-06-03
749,barneslaurie,25,Casual,2024-09-06
750,colonglenn,18,Casual,2024-06-27
751,gouldtanya,22,Subscriber,2024-12-27
752,jenniferfields,19,Casual,2024-04-28
753,kimberly52,22,Subscriber,2024-12-30
754,dustin75,38,Casual,2024-11-24
755,christopher82,22,Casual,2024-09-18
756,gwilliams,51,Casual,2025-01-05
757,brittany73,33,Subscriber,2025-01-01
758,jeremysimmons,31,Subscriber,2024-02-02
759,rickcampbell,23,Subscriber,2024-06-03
760,jilllewis,35,Subscriber,2024-05-28
761,crystalsullivan,25,Casual,2025-01-03
762,dawn56,30,Subscriber,2025-01-06
763,lopezrachel,50,Casual,2024-03-23
764,diazrobert,29,Casual,2024-11-07
765,john33,39,Subscriber,2024-03-30
766,jophillips,24,Casual,2024-11-23
767,ashleyrussell,29,Casual,2024-05-25
768,mccormickdavid,44,Casual,2024-06-29
769,millskrystal,24,Subscriber,2024-05-24
770,emilywoodard,44,Casual,2024-07-07
771,mackenzie89,35,Subscriber,2024-08-20
772,joseph46,25,Casual,2025-01-04
773,keyelizabeth,35,Casual,2025-01-10
774,zachary65,37,Subscriber,2024-10-15
775,angelamills,34,Casual,2024-04-15
776,stacey79,18,Casual,2024-10-07
777,danielle15,24,Subscriber,2024-06-24
778,benjaminshah,28,Casual,2024-07-05
779,pjones,29,Casual,2024-09-15
780,debrajackson,34,Casual,2024-01-27
781,michael09,31,Subscriber,2024-05-27
782,brios,19,Casual,2024-08-13
783,qlewis,33,Subscriber,2024-04-25
784,tuckerjessica,34,Casual,2024-06-04
785,ljohnson,34,Casual,2024-05-21
786,matthewskevin,38,Casual,2024-06-22
787,michaelkelly,36,Casual,2024-10-16
788,dmorris,33,Casual,2024-12-25
789,bryantcrystal,29,Casual,2024-11-09
790,ylopez,18,Casual,2024-08-17
791,daviskevin,33,Subscriber,2024-07-17
792,jennifer49,31,Subscriber,2024-02-25
793,williamsonnancy,32,Casual,2024-02-17
794,andreamedina,19,Subscriber,2024-02-23
795,sydney61,21,Casual,2024-04-06
796,wmorrow,38,Subscriber,2024-07-26
797,coopercarrie,29,Subscriber,2024-06-22
798,tuckersusan,35,Subscriber,2025-01-03
799,evelynsmith,30,Subscriber,2024-08-27
800,karenchen,30,Casual,2024-04-17
801,raymond10,37,Subscriber,2024-09-21
802,veronica51,25,Casual,2024-06-08
803,gregle,30,Subscriber,2024-04-20
804,hbruce,26,Casual,2024-09-11
805,daniel83,26,Subscriber,2024-03-02
806,joegonzalez,27,Subscriber,2024-05-24
807,hebertkatelyn,31,Casual,2024-01-26
808,hayesjessica,26,Casual,2024-02-10
809,michaelwelch,40,Casual,2024-05-13
810,ymartin,22,Casual,2024-11-28
811,srogers,28,Casual,2024-05-22
812,ojohnson,26,Casual,2024-03-04
813,iwilson,41,Casual,2024-05-05
814,scottprice,31,Subscriber,2024-06-24
815,robert41,38,Casual,2024-10-10
816,corey87,18,Casual,2024-06-08
817,michaelromero,32,Subscriber,2024-11-16
818,hilljordan,37,Casual,2024-03-04
819,crystal69,30,Casual,2024-05-18
820,donald81,38,Casual,2024-05-24
821,dale11,25,Subscriber,2024-12-19
822,cynthiasanchez,41,Casual,2024-11-13
823,pattersondouglas,48,Subscriber,2024-03-15
824,sylviaturner,27,Casual,2024-05-23
825,yandrews,26,Subscriber,2024-05-22
826,sean22,41,Casual,2024-11-03
827,natalie96,42,Casual,2024-03-03
828,marshallmorgan,25,Casual,2025-01-04
829,hthompson,26,Subscriber,2024-12-21
830,theresaspencer,27,Casual,2024-08-06
831,alexandra39,19,Casual,2024-09-05
832,crystal20,22,Casual,2024-12-28
833,pjackson,21,Casual,2024-05-02
834,pwilliams,23,Subscriber,2024-03-20
835,csingh,29,Casual,2024-07-03
836,maria27,31,Casual,2024-03-07
837,dlopez,42,Subscriber,2024-12-11
838,grayfred,22,Casual,2024-03-13
839,twoods,37,Subscriber,2024-02-09
840,parkrussell,28,Casual,2024-07-26
841,lindsay97,29,Casual,2024-03-03
842,jeffreybridges,35,Subscriber,2024-04-05
843,ovillanueva,21,Subscriber,2025-01-02
844,kingchristine,33,Casual,2024-02-18
845,tclark,31,Subscriber,2024-07-29
846,gilbertsarah,33,Casual,2024-12-16
847,sheila98,32,Casual,2024-11-30
848,susantaylor,49,Casual,2024-12-30
849,jamesrivas,24,Subscriber,2024-12-15
850,uhodge,25,Subscriber,2024-07-09
851,brianna12,25,Casual,2024-05-23
852,paul72,25,Casual,2024-01-27
853,sara93,24,Subscriber,2024-05-10
854,hdelgado,39,Casual,2024-08-21
855,fsmith,41,Subscriber,2024-04-18
856,amybruce,25,Casual,2024-12-25
857,dprince,23,Casual,2024-11-21
858,crystaljordan,33,Casual,2024-08-09
859,wyattnielsen,25,Casual,2024-05-02
860,bjohnson,35,Casual,2024-04-12
861,luishall,31,Casual,2024-09-29
862,ashley40,18,Subscriber,2024-03-11
863,taylorsydney,42,Casual,2024-02-25
864,reedsteven,44,Casual,2024-06-15
865,ramostyler,25,Casual,2024-03-26
866,dianamcclure,26,Casual,2024-05-26
867,benjamingarcia,32,Casual,2024-05-03
868,marcus57,32,Casual,2024-05-09
869,aaron30,35,Casual,2024-02-18
870,ojones,46,Casual,2025-01-13
871,sgonzalez,28,Subscriber,2024-08-30
872,zrowe,23,Casual,2024-03-04
873,alexhernandez,18,Casual,2024-07-07
874,christinephillips,24,Casual,2024-10-05
875,jarednguyen,29,Casual,2024-06-11
876,molly44,44,Casual,2024-02-27
877,jessicahawkins,25,Subscriber,2024-05-11
878,pwillis,31,Casual,2024-09-03
879,priscillagarcia,29,Casual,2024-07-11
880,williamgraham,39,Casual,2024-03-31
881,jeremy91,50,Casual,2024-09-12
882,gsmith,25,Subscriber,2024-04-08
883,zherman,26,Casual,2024-04-21
884,jamiemorales,38,Subscriber,2024-04-03
885,johnchandler,35,Casual,2024-05-27
886,wagnerchristina,44,Casual,2024-12-19
887,driggs,34,Subscriber,2024-09-24
888,jenniferhaley,27,Casual,2024-05-08
889,tmorgan,34,Casual,2025-01-12
890,morangarrett,38,Casual,2024-02-10
891,charles76,36,Subscriber,2024-08-01
892,arielryan,34,Casual,2024-05-27
893,igarcia,38,Subscriber,2024-03-09
894,palmerbrandon,39,Casual,2025-01-19
895,kendra99,41,Casual,2024-09-07
896,gpetersen,35,Casual,2024-05-25
897,reyesmelissa,28,Casual,2024-04-01
898,phillip28,31,Casual,2024-02-19
899,stacy63,39,Casual,2024-06-11
900,rangeljeremy,23,Casual,2024-06-30
901,collinsgary,32,Subscriber,2024-05-09
902,jamesmcdaniel,26,Subscriber,2024-09-22
903,mooremariah,30,Casual,2024-02-06
904,wilcoxkayla,40,Casual,2024-12-03
905,isaac61,31,Casual,2024-04-09
906,hannah42,30,Casual,2024-11-01
907,bakerrichard,19,Casual,2025-01-14
908,anthonybauer,35,Casual,2024-04-08
909,sjohnson,35,Casual,2024-12-07
910,lbailey,47,Subscriber,2024-08-29
911,tkirk,27,Casual,2024-11-23
912,mary36,31,Casual,2024-10-19
913,elizabeth93,31,Casual,2024-05-27
914,rubiomichael,42,Casual,2024-10-13
915,dscott,29,Casual,2024-02-23
916,thomasoscar,32,Casual,2024-05-29
917,mackenzie71,34,Subscriber,2024-08-12
918,eric39,31,Casual,2024-07-16
919,slopez,26,Casual,2024-12-12
920,garciashannon,31,Casual,2024-03-14
921,kimberlyspencer,38,Casual,2024-05-18
922,joshua09,21,Casual,2024-12-14
923,smithbrandon,31,Subscriber,2024-11-06
924,victoria67,24,Casual,2024-03-06
925,xsullivan,39,Casual,2024-02-22
926,daniel39,18,Subscriber,2024-10-22
927,gonzaleswilliam,25,Subscriber,2024-06-07
928,amooney,33,Casual,2024-06-09
929,linda60,42,Casual,2024-11-26
930,rose10,29,Casual,2024-03-09
931,rachel85,25,Casual,2024-10-09
932,kimberlymiller,45,Casual,2024-08-14
933,cunninghammatthew,18,Casual,2024-12-29
934,barrettsavannah,18,Casual,2024-10-18
935,aguilartammy,33,Subscriber,2024-12-28
936,justin88,25,Casual,2024-09-18
937,andrewselizabeth,21,Casual,2024-06-05
938,xaviervalenzuela,35,Casual,2024-12-13
939,carmen62,31,Casual,2024-06-21
940,brianpoole,25,Casual,2024-08-15
941,william54,19,Casual,2024-04-30
942,robinhernandez,36,Casual,2024-06-13
943,nicole72,35,Casual,2024-04-21
944,ferrellgary,29,Casual,2024-08-13
945,priceapril,44,Casual,2024-08-11
946,bobby36,21,Subscriber,2024-01-27
947,samuel11,18,Subscriber,2024-02-11
948,joanne38,24,Casual,2024-07-04
949,ericortiz,29,Subscriber,2024-08-24
950,christyreed,31,Subscriber,2024-07-01
951,thomasruiz,28,Casual,2024-10-16
952,vasquezterri,32,Casual,2024-03-07
953,jeffrey57,19,Casual,2024-11-04
954,jenna66,41,Casual,2024-08-23
955,browncharles,29,Casual,2024-09-26
956,candice06,38,Subscriber,2024-09-22
957,erikmeyers,32,Casual,2024-06-17
958,pittsjessica,33,Casual,2024-09-20
959,rrivera,34,Casual,2024-09-06
960,sharpbrandon,33,Casual,2024-07-18
961,thomasrivers,35,Casual,2024-06-08
962,kevinmitchell,40,Casual,2024-04-04
963,kennethhansen,31,Casual,2024-11-15
964,davidthomas,35,Casual,2024-05-25
965,ecarpenter,29,Casual,2024-04-26
966,troygraham,41,Subscriber,2024-03-20
967,laurenguerrero,24,Subscriber,2024-12-16
968,jennifer97,44,Casual,2024-01-27
969,levineheather,29,Subscriber,2024-09-13
970,randallperry,18,Casual,2024-06-14
971,raykaren,31,Casual,2025-01-15
972,jennifertanner,24,Casual,2024-08-10
973,jenna19,36,Casual,2024-08-06
974,colleendixon,24,Subscriber,2024-04-10
975,elizabeth19,26,Subscriber,2025-01-12
976,gravesjonathan,18,Subscriber,2024-02-20
977,carla12,26,Casual,2024-08-22
978,priscillarussell,18,Casual,2024-10-23
979,croy,18,Casual,2024-06-01
980,linda39,36,Subscriber,2024-05-25
981,seanandrews,36,Subscriber,2024-10-05
982,robersonstacy,33,Casual,2024-09-20
983,josephsanchez,22,Subscriber,2024-03-14
984,andreagreene,29,Casual,2024-09-09
985,lsalazar,29,Subscriber,2024-12-23
986,kyle59,20,Casual,2025-01-16
987,cathy28,42,Casual,2024-07-11
988,ojames,37,Casual,2024-11-01
989,jeremycollins,28,Subscriber,2024-03-10
990,francisco48,30,Casual,2024-11-10
991,yhernandez,31,Subscriber,2024-09-19
992,cflowers,18,Casual,2024-09-18
993,joseph17,28,Casual,2024-06-26
994,hortiz,24,Subscriber,2024-01-31
995,hmeyer,21,Casual,2024-02-27
996,kruegersally,27,Casual,2024-05-15
997,riosteresa,44,Subscriber,2024-05-12
998,dcrawford,35,Casual,2024-07-15
999,suzanne64,25,Subscriber,2024-10-28
1000,adrianaustin,34,Casual,2024-03-29
